classname,time,groupNo
rentals.tests.apis.v3.test_scheduling.TestScheduledRentalRequestV3Api,3,1
promotions.tests.apis.test_promotions.MultiTripAwardsAPITests,1,5
trips.tests.apis.test_trips.TestCustomerTripActionAsBusinessAdmin,2,1
trips.tests.apis.test_trips.TestCustomerTripActionAsDispatcher,3,4
trips.tests.apis.test_trips.TestCustomerTripActionAsBusinessAdmin,4,3
trips.tests.apis.test_scheduled_trip_requests.TestCustomerPackageScheduledTripRequest,2,4
users.tests.utils.test_user_groups.TestUserGroupCsvRowGeneration,3,5
users.tests.apis.v3.test_carsharing_customers.TestLinkBusinessProfile,1,3
users.tests.apis.v2.test_carsharing_customers.TestDispatcherFilterCustomers,5,2
trips.tests.apis.test_scheduled_trip_requests.TestRecurringTripRequestAsDispatcher,1,5
